{"flutter":{"platforms":{"android":{"default":{"projectId":"ecommerce-e354a","appId":"1:7816793803:android:a40ad88341b324efc1954e","fileOutput":"android/app/google-services.json"}},"dart":{"lib/firebase_options.dart":{"projectId":"ecommerce-e354a","configurations":{"android":"1:7816793803:android:a40ad88341b324efc1954e","ios":"1:7816793803:ios:f78f7be506866acec1954e","macos":"1:7816793803:ios:f78f7be506866acec1954e","web":"1:7816793803:web:b77835a93fb2ad92c1954e","windows":"1:7816793803:web:b16cb74bec9e0bfac1954e"}}}}}}