{
  "project_info": {
    "project_number": "7816793803",
    "project_id": "ecommerce-e354a",
    "storage_bucket": "ecommerce-e354a.firebasestorage.app"
  },
  "client": [
    {
      "client_info": {
        "mobilesdk_app_id": "1:7816793803:android:a40ad88341b324efc1954e",
        "android_client_info": {
          "package_name": "com.example.ecommerce"
        }
      },
      "oauth_client": [],
      "api_key": [
        {
          "current_key": "AIzaSyDedcEkLjjR5ekxa7159p8F-SW_rLClZnk"
        }
      ],
      "services": {
        "appinvite_service": {
          "other_platform_oauth_client": []
        }
      }
    }
  ],
  "configuration_version": "1"
}